pmid,title,authors,journal,date,abstract,references,citedin,five
25940769,A descriptive and historical review of bibliometrics with applications to medical sciences.,"Thompson, Dennis F DF|Walker, Cheri K CK",Pharmacotherapy,2015 Jun,"The discipline of bibliometrics involves the application of mathematical and statistical methods to scholarly publications. The first attempts at systematic data collection were provided by Alfred Lotka and Samuel Bradford, who subsequently established the foundational laws of bibliometrics. Eugene Garfield ushered in the modern era of bibliometrics with the routine use of citation analysis and systematized processing. Key elements of bibliometric analysis include database coverage, consistency and accuracy of the data, data fields, search options, and analysis and use of metrics. A number of bibliometric applications are currently being used in medical science and health care. Bibliometric parameters and indexes may be increasingly used by grant funding sources as measures of research success. Universities may build benchmarking standards from bibliometric data to determine academic achievement through promotion and tenure guidelines in the future. This article reviews the history, definition, laws, and elements of bibliometric principles and provides examples of bibliometric applications to the broader health care community. To accomplish this, the Medline (1966-2014) and Web of Science (1945-2014) databases were searched to identify relevant articles; select articles were also cross-referenced. Articles selected were those that provided background, history, descriptive analysis, and application of bibliometric principles and metrics to medical science and health care. No attempt was made to cover all areas exhaustively; rather, key articles were chosen that illustrate bibliometric concepts and enhance the reader's knowledge. It is important that faculty and researchers understand the limitations and appropriate uses of bibliometric data. Bibliometrics has considerable potential as a research area for health care scientists and practitioners that can be used to discover new information about academic trends, pharmacotherapy, disease, and broader health sciences trends.",,34873371|34660616|34615625|34541276|34306245|34239441|34150972|34109284|34046238|33995056|33897259|33802834|33737903|33717952|33489662|33488420|33329962|33166272|32754061|32357468|32174808|32016121|31811603|31762442|31660258|31210726|30962635|30759753|30386407|30092158|29925353|29901549|29642147|28603233|28320410|28153037|28096979|27843745|27724920|27579264,24592695|23840840|20061001|31204025|25927511|23979085
33489662,Bibliometric analysis of core journals which publish articles of physical therapy on aging.,"Arnal-GÓmez, Anna A|Navarro-Molina, Carolina C|EspÍ-LÓpez, Gemma Victoria GV",Physical therapy research,2020,"Increase in population's longevity has led to considerable efforts worldwide on physical therapy aging research. The aim of this study is to identify which are the main scientific journals, as well as the most productive authors, institutions and keywords related to the journals, that have published about physical therapy and aging.",22194279|16275915|11330755|23476642|27101814|18256658|9285129|22263231|18177648|16928275|25922560|26267204|21372202|17118894|25098356|15718111|16391221|21753912|14555665|23118746|12564948|19213590|21946402|25940769|22826292|26963614|24274031|16394264|21472020|18635670|29292562|20724420|28799216|20038407|12785422|21272728|29751561|24703499,,17234084|33618448|29344965|25737703|31855190
28603233,Where are we after 60 years of paragonimiasis research? A bibliometric assessment.,"Culquichicón, Carlos C|Hernández-Pacherres, Arturo A|Labán-Seminario, L Max LM|Cardona-Ospina, Jaime A JA|Rodríguez-Morales, Alfonso J AJ",Le infezioni in medicina,2017 Jun 01,"Paragonimiasis is highly prevalent endemic food-borne disease in Southeast Asia and Latin America, and constitutes a major public health concern. A bibliometric analysis was performed about the worldwide scientific production of paragonimiasis. We browsed in the Science Citation Index-Expanded (SCI-E) (1957-2015), Scopus (1976-2015), Medline/PubMed/GoPubMed® (1970-2015), ScIELO (1981-2014) and LILACS (1985-2011). All types of articles were included and categorized by year of publication, number, type of scientific article, city and institution of origin, international cooperation, scientific journal, impact factor, language of publication, authors and H index. In SCI-E, 1,028 manuscripts were recovered, while Japan (21.9%) and the USA (17.7%) were the countries with highest scientific production. In this database, Asian region studies received 5,454 citations (H index=32). In Scopus 2161 items were recovered, corresponding to 45.8% of Asian countries. Japan (18.2%) was the first with the University of Miyazaki (11.7% of the country); South Korea (9.5%) was second with the Seoul National University (11.2% of the country). In SciELO 29 items were found, with no contributions from the Asian region. In LILACS 1487 articles were found (22.9% covering Asia). Among the databases, the Journal of Parasitology (Impact factor=1.227) showed the highest number of manuscripts and ""Agatsuma T"", from Japan, was the author with most records. Japan and South Korea lead global scientific production on paragonimiasis. By contrast, in Latin America, production has been extremely low especially in the last five years.",25858269|25446170|25410987|25858260|25858270|22393887|16518381|25359957|25835312|24516264|22960885|25670637|17014806|25940769|25743009|23758872|25937447|19681705|19597007|19885329|25858262|25791567|25596575|21946337|16545114,30682767|30526510,29525795|16545114|25858269|25858262|17234084
29925353,Bibliometric analysis of global migration health research in peer-reviewed literature (2000-2016).,"Sweileh, Waleed M WM|Wickramage, Kolitha K|Pottie, Kevin K|Hui, Charles C|Roberts, Bayard B|Sawalha, Ansam F AF|Zyoud, Saed H SH",BMC public health,2018 06 20,The health of migrants has become an important issue in global health and foreign policy. Assessing the current status of research activity and identifying gaps in global migration health (GMH) is an important step in mapping the evidence-base and on advocating health needs of migrants and mobile populations. The aim of this study was to analyze globally published peer-reviewed literature in GMH.,26134548|26085030|28558687|27558472|23560897|25904290|23616047|27932012|29313650|26941363|20573711|26732249|27924513|20854677|15008797|22748758|25963398|24973981|24890112|28867838|16236137|28728570|25798190|29488132|27177519|27576869|21629681|9690890|26594073|25884167|26112264|28295167|22743859|20455618|28515007|27070278|25177360|14512234|28542791|23320118|24797693|22553125|26380969|29442230|28440839|24697557|27447794|24934704|28403844|20400098|29232545|29052921|28077528|23002238|27846452|29031433|25042432|28320410|25940769|18245178|28669226|19490148|27843745|26041904|27899145|23520266|28104048|20585380|18392182|29049421|26744562|16805916|29207451|29434657|28426115|26824134|15823380|28210508|25518208|28738869|27590849|27328949|29496130|28288742|28725259|22833776|11931581|28193186|27894332|24426806|27884199|29347933|19020196|27741947|28165878|28110517|28719309|28256381|27411086|10709146|28707099|15279920|28148264|27777613|28089281|28856028|27875006|24041730|29082817|17884971|28153037|23112339|29357867|24088110|26458954|27333980|19738094,34828566|34557825|34405201|34402225|34321236|34319406|34193096|34145051|34046238|33958830|33849636|33778914|33680569|33528082|33462099|33397377|33278882|33268413|33113817|33081317|32868982|32807154|32684943|32587678|32503888|32384901|32236530|32231357|31832075|31569445|31527076|31527060|31527042|31371292|31122905|30683119|30409223|30409221|30386407|30377667,29914447|30409221|32807154|30377667|30078380
32754061,Research on the Development of Theme Trends and Changes of Knowledge Structures of Drug Therapy Studies on Major Depressive Disorder Since the 21st Century: A Bibliometric Analysis.,"Duan, Li L|Gao, Yunfeng Y|Shao, Xiaojun X|Tian, ChunSheng C|Fu, Chunfeng C|Zhu, Gang G",Frontiers in psychiatry,2020,"Antidepressant treatment is one of the most effective ways of relieving or curing depressive symptoms in patients with major depressive disorder (MDD). Although many studies have explored the efficacy, tolerability, adverse reactions, and functional mechanism of the disease, there has been no systematic evaluation of the relevant results in this field.",30792114|27486151|28858412|17478791|12119755|28503571|17132052|19031487|12813115|20950780|27122644|23271325|19345072|15679210|27807822|16356553|17803824|28445632|31393404|11274650|16275915|28458140|20393460|28383616|26415692|15780704|18680211|22700618|29608926|14653433|22985486|31276943|12650947|12478878|25830358|25940769|28508696|29718600|24651574|29507282|26777773|24045606|21035633|26745768|12027788|24188102|28561944|24676550|8321130|19682111|6346364|20466964|29026309|26792035|29790485|26707087|24669206|26321261|843571|26211972|26234589|27400154|15237083,33891637,32116844|32256280|30547725|32742991|34812513|31169201
27579264,Plastic Surgery and Acellular Dermal Matrix: Highlighting Trends from 1999 to 2013.,"Daar, David A DA|Gandy, Jessica R JR|Clark, Emily G EG|Mowlds, Donald S DS|Paydar, Keyianoosh Z KZ|Wirth, Garrett A GA",World journal of plastic surgery,2016 May,"The last decade has ushered in a rapidly expanding global discussion regarding acellular dermal matrix (ADM) applications, economic analyses, technical considerations, benefits, and risks, with recent emphasis on ADM use in breast surgery. This study aims to evaluate global trends in ADM research using bibliometric analysis. The top nine Plastic Surgery journals were determined by impact factor (IF). Each issue of the nine journals between 1999 and 2013 was accessed to compile a database of articles discussing ADM. Publications were further classified by IF, authors' geographic location, study design, and level of evidence (LOE, I-V). Productivity index and productivity share were calculated for each region. In total, 256 ADM articles were accessed. The annual global publication volume increased significantly by 4.2 (0.87) articles per year (p<0.001), with a mean productivity index of 36.3 (59.0). The mean impact factor of the nine journals increased significantly from 0.61 (0.11) to 2.47 (0.99) from 1993 to 2013 (p<0.001). Despite this increase in the global ADM literature, the majority of research was of weaker LOE (level I: 2.29% and level II: 9.17%). USA contributed the most research (87%), followed by Asia (4.76%) and Western Europe (4.71%). USA contributed the greatest volume of research. Regarding clinical application of ADM, the majority of publications focused on ADM use in breast surgery, specifically breast reconstruction (154 articles, 60.2%). The majority of research was of lower LOE; thus, efforts should be made to strengthen the body of literature, particularly with regard to cost analysis.",23036287|24550418|21701349|18090778|10551195|18349631|17459797|9676302|21987270|14578804|21233698|7662122|15837089|22482361|14668520|22156891|19952629|21200243|22868313|25940769|18349600|22186527|16217466|20395795|25506534|22482360|23321393|23096984|16106158|25626805|26876956|24950735|22922328|24875505|20124828|23096992|19337107|16545114,32460319|32232348|31999820|31384233|28117733,26645157|29717338|26099833|31119282|29352346
16545114,A bibliometric analysis of research productivity in Parasitology by different world regions during a 9-year period (1995-2003).,"Falagas, Matthew E ME|Papastamataki, Paraskevi A PA|Bliziotis, Ioannis A IA",BMC infectious diseases,2006 Mar 17,The objective of this study was to estimate the research productivity of different world regions in the field of Parasitology.,15615592|14385826|15834594|11147369|11960216|12966750|14997243|15059851|15234862|15353961|2381448|2393549|9056804|9437346|15780136,33939571|33557602|33263077|33022014|29093641|28792519|28765810|28603233|27579264|26913272|26645157|25770227|25395729|23758872|23497441|23497410|22347921|21659400|21532894|19243576|18575594|18188591|17971888|17927837|17116906,15834885|17014806|16394264|15837089|16354871
28153037,Global cocaine intoxication research trends during 1975-2015: a bibliometric analysis of Web of Science publications.,"Zyoud, Sa'ed H SH|Waring, W Stephen WS|Al-Jabi, Samah W SW|Sweileh, Waleed M WM","Substance abuse treatment, prevention, and policy",2017 02 02,"Cocaine is subject to recreational abuse as a stimulant and psychoactive agent, which poses a major worldwide health problem. The aim of the present study was to perform a bibliometric analysis of publication related to cocaine intoxication an insight of the research trends at a global level to enable recommendations for future research strategies in this field.",27652107|7681602|10699526|8371143|27652054|27093947|12204195|2736076|8331140|22856655|18163901|8926728|15034590|17343266|26919414|26105693|21322119|26624241|27098056|22943123|19183502|17126200|25673180|27932899|27861384|25580707|12417684|27785446|25949270|25940769|1929850|1857341|27843745|19031379|17668074|27729352|23269350|9439825|18815938|20585380|25224512|11489591|22998988|2851358|25870835|9384253|8166605|14622225|26429951|1444810|27884199|19463023|11590577|8912399|4039767|9714087|25903611|23314714|10656003|16778732|8225222|21399507|23840557|22149529|26512227|25257610|8876259|26924143|23732133|14973230|24398587|25657055|17884971|17880705|19386860|1347004|8157080|24758786|19738094|9336321|6360570,34867319|34499195|34202931|34025169|33921235|33833487|33198687|31832075|31695525|31470803|31138250|31101059|30533544|30496198|30409223|30409221|30386407|30305093|29925353|29881545|29382348|28856028,27837178|29537078|30239237|28774315|28064463
30377667,A bibliometric analysis of global research output on health and human rights (1900-2017).,"Sweileh, Waleed M WM",Global health research and policy,2018,"Baseline data on global research activity on health and human rights (HHR) needs to be assessed and analyzed to identify research gaps and to prioritize funding and research agendas. Therefore, the aim of this study was to assess the growth of publications and research pattern on HHR.",16834458|23581660|17257421|18368018|19917109|15438220|16211755|28219374|14652329|24935133|25280870|22773028|29925353|27724920|24023773|28389688|16275915|27116283|10395709|17679022|27880764|19793423|26245428|24289096|26673463|10347368|25214608|27351045|20205717|18302752|27843745|28320410|16858981|20585380|28558687|28694709|29030412|11803981|27871198|7660423|22147744|12571729|28100272|25199398|16838571|10400262|28320397|10918711|24350369|12437202|21409970|24902848|28856028|28179007|21511377|24446940|16971287|24946512|20650514|15387422|28464694|21975248|17884971|18302539|27894320,34202931|34169036|33945397|33671671|31890240,29562909|29925353|31138250|31890240|33397377
30386407,Analysis of global research output on diabetes depression and suicide.,"Sweileh, Waleed M WM",Annals of general psychiatry,2018,"Diabetic patients, during the course of the disease, are most likely to experience depressive symptoms that might ultimately lead to suicidal ideation or suicide. The size of literature in diabetes depression/suicide is a good indicator of national and international efforts to address psychological co-morbidities associated with diabetes mellitus (DM). Therefore, the objective of this study was to give a comprehensive analysis, both quantitative and qualitative, of scientific literature in diabetes depression/suicide.",24846159|19846235|28075100|24567766|11485116|24515984|28360512|15466678|27652054|23150281|18220600|21098346|20150291|28153037|23280258|19213968|18143653|11255202|24939883|12763712|21538199|20179250|10857963|12420367|29925353|28712428|28281178|20711716|14514586|15101668|8886555|12893107|22046628|16249537|25773933|21824180|15111522|22924587|11924303|22804849|20181405|28405343|9786808|15111519|29982818|28256399|19432869|10333904|25940769|24127480|22325626|16520921|11375373|19033418|20704720|27843745|22553675|20878274|24745775|16123478|28320410|8375247|11023160|11088090|26109972|27324747|19033420|27387297|15333477|26916809|9096984|11874931|30078380|17054590|10895843|27526637|26459274|16259494|26658704|25706047|21338302|28179007|27990373|11213901|27770591|22079683|26179646|29562909|17884971|27861583|29914447|21963669|18560002,34188380|32951349|32121642|31781650|31138250|30544722,27663999|27724920|28558687|27899145|31138250
32807154,Bibliometric analysis of global scientific literature on vaccine hesitancy in peer-reviewed journals (1990-2019).,"Sweileh, Waleed M WM",BMC public health,2020 Aug 17,Vaccine hesitancy is a growing threat to national and global health security. The current study was undertaken to provide insights into the global scientific literature on vaccine hesitancy in peer-reviewed journals.,11919208|25890267|31890240|27408519|19651170|29395530|25373435|19128068|23584253|29898770|31635270|28125629|19245640|31023269|24328466|29576305|18829793|28320592|27576074|24276343|26372160|29925353|17628649|25896377|29617173|26594073|25744225|27663999|31095533|30633623|31112440|20713258|25896383|30305093|31479099|27810314|17884971|30831578|29507952|31918860|26917865|24598724|29605516|30744641|26978210|28948177|31977285|30833064|26987657|12907792|30301561|27340003|18040045|27658738|30078380|19420367|25811679|26028344|21856203|30409223|14649773|27255620|23444594,34168972|33939571|33680569,32775695|29925353|29562909|32384901|30044514
17884971,"Comparison of PubMed, Scopus, Web of Science, and Google Scholar: strengths and weaknesses.","Falagas, Matthew E ME|Pitsouni, Eleni I EI|Malietzis, George A GA|Pappas, Georgios G",FASEB journal : official publication of the Federation of American Societies for Experimental Biology,2008 Feb,"The evolution of the electronic age has led to the development of numerous medical databases on the World Wide Web, offering search facilities on a particular subject and the ability to perform citation analysis. We compared the content coverage and practical utility of PubMed, Scopus, Web of Science, and Google Scholar. The official Web pages of the databases were used to extract information on the range of journals covered, search facilities and restrictions, and update frequency. We used the example of a keyword search to evaluate the usefulness of these databases in biomedical information retrieval and a specific published article to evaluate their utility in performing citation analysis. All databases were practical in use and offered numerous search facilities. PubMed and Google Scholar are accessed for free. The keyword search with PubMed offers optimal update frequency and includes online early articles; other databases can rate articles by number of citations, as an index of importance. For citation analysis, Scopus offers about 20% more coverage than Web of Science, whereas Google Scholar offers results of inconsistent accuracy. PubMed remains an optimal tool in biomedical electronic research. Scopus covers a wider journal range, of help both in keyword searching and citation analysis, but it is currently limited to recent articles (published after 1995) compared with Web of Science. Google Scholar, as for the Web in general, can help in the retrieval of even the most obscure information but its use is marred by inadequate, less often updated, citation information.",,34837679|34834300|34827780|34770008|34769604|34765132|34746846|34744707|34733737|34723831|34691329|34684649|34683354|34682602|34671257|34660616|34646202|34615625|34586077|34581676|34499195|34465930|34463089|34381864|34371819|34330280|34300467|34281030|34249800|34239441|34204419|34191108|34188380|34177744|34145020|34127872|34109284|34064749|33979776|33913344|33849636|33836752|33828589|33808855|33801013|33789739|33766073|33730069|33686330|33670121|33648978|33626246|33531720|33505620|33456760|33450104|33401394|33397377|33357085|33354331|33324526|33295280|33285883|33256719|33244415|33241154|33240559|33237878|33224964|33219880|33205082|33197230|33167977|33163536|33163460|33152034|33139966|33134495|33123578|33116761|33102810|33089195|33031632|33019485|32987162|32915714|32905259|32904414|32879522|32868982|32832546|32807154|32775695|32773916|32772149|32738881|32727479|32723366|32709237|32705978|32695099|32684943|32610747|32606102|32604805|32581976|32517087|32483219|32477690|32476989|32456654|32426151|32411858|32384901|32370140|32357468|32344668|32332609|32294089|32265754|32260243|32245367|32219575|32215326|32214549|32204347|32188637|32179730|32063731|32038995|31992557|31983157|31914037|31890240|31865588|31864346|31832075|31823031|31815620|31766728|31695632|31652750|31619279|31614060|31543728|31511806|31488065|31470803|31384996|31285923|31277163|31272504|31258772|31247926|31223567|31203394|31178733|31138250|31118003|31115720|31111281|31110624|31103905|31101059|31095553|31088296|31087256|30950797|30940832|30899186|30800284|30744641|30737574|30724614|30623044|30564922|30526510|30521012|30513943|30459681|30409223|30386407|30377667|30348077|30287898|30194569|30181840|30151224|30140437|30087809|30078380|30010750|29996540|29982543|29967745|29925353|29915945|29915944|29914447|29881545|29879464|29850587|29755907|29713462|29692823|29637087|29599984|29563426|29562909|29517962|29490646|29464369|29463974|29444130|29387147|29385197|29371846|29340178|29264408|29234533|29186043|29179733|29162147|29121222|29114112|29095254|29043556|28979201|28972802|28935236|28856028|28852981|28804177|28774315|28725096|28683764|28596628|28593477|28558687|28542584|28479969|28392812|28392739|28342906|28331838|28320410|28288686|28231792|28179007|28153037|28126030|28100272|28096979|28086974|27973611|27899145|27884199|27866473|27844151|27843745|27835703|27724920|27663999|27652054|27618122|27532743|27504147|27478725|27420065|27382475|27366448|27275188|27267256|27235131|27215352|27189233|27158823|27154247|27095075|26921290|26887690|26819840|26770709|26674984|26667087|26656243|26637465|26622289|26601251|26543761|26468423|26445656|26421238|26379270|26374806|26341635|26337534|26306540|26301066|26277112|26224091|26208117|26172553|26142742|26107458|26060621|26038727|25984946|25949270|25933180|25928238|25915521|25888877|25852167|25690674|25686064|25674458|25671116|25617516|25554521|25525498|25348511|25345894|25263231|25182125|25148888|25091931|25075237|25050176|25013748|25005130|24976952|24975597|24971257|24920900|24885706|24788259|24766743|24758477|24753798|24725483|24628838|24622198|24619625|24558535|24554795|24443999|24379959|24360284|24330690|24167778|24163792|24160679|24072686|24058251|24015029|23948488|23915151|23900628|23772139|23758872|23707966|23439775|23375070|23241168|23198104|23087765|22973370|22964880|22780908|22679453|22434265|22384515|22364509|22230643|22224134|22180873|22126216|22059168|21912995|21837485|21800117|21698195|21659400|21619707|21613620|21493657|21347409|21347167|21339895|21176219|21085482|20665140|20648248|20531223|20459746|20401951|20162739|20126268|18974831,19738094|20401951|16805916|31886636|31710021
27843745,Bibliometric analysis of medicine-related publications on poverty (2005-2015).,"Sweileh, Waleed M WM|Al-Jabi, Samah W SW|Sawalha, Ansam F AF|AbuTaha, Adham S AS|Zyoud, Sa'ed H SH",SpringerPlus,2016,"Poverty is a global problem. The war against poverty requires not only financial support, but also poverty-related research to pinpoint areas of high need of intervention. In line with international efforts to fight poverty and negative consequences, we carried out this study to give a bibliometric overview of medicine-related literature on poverty. Such a s study is an indicator of the extent of interaction of various international key players on the war against poverty-related health problems.",21486910|19333373|18366949|26192216|17320784|16164772|12076570|18351472|17044202|24705680|16926658|23906612|16879809|16802616|20629252|15888636|19095685|17913320|17189038|24228660|19164428|23601076|20126272|20977602|27066639|22583341|21895372|17620753|15671462|24002269|25673180|15798845|16275915|18983268|17046468|25534133|16022885|22934154|17023215|19758444|20539866|25623607|17948964|22479656|25949270|19467472|25110585|17687674|15587700|20007668|25940769|22912425|21763173|9537299|25045244|24830815|23375070|20585380|21762393|17948947|18855817|20516678|26543761|17462803|16506309|21116706|16979459|20088657|15860793|17601019|22026915|17964317|15994687|24319400|24619625|22391754|15779497|19196637|25050176|26429951|17964307|19037715|9474499|26262756|18308337|19054705|26720278|18573582|23185241|20331669|20332252|16243683|16951010|19962954|17957321|19106427|18382743|18575621|15798127|16361350|16720824|18439268|23848993|19370407|17563898|22008425|19030450|17884971|19916062|17768518|22988302|18773136|12409122,30962986|30386407|30377667|30290588|30078380|29925353|29562909|28856028|28331838|28320410|28153037,27663999|27724920|27899145|28320410|28096979
31138250,Nursing and midwifery research activity in Arab countries from 1950 to 2017.,"Sweileh, Waleed M WM|Huijer, Huda Abu-Saad HA|Al-Jabi, Samah W SW|Zyoud, Sa'ed H SH|Sawalha, Ansam F AF",BMC health services research,2019 May 28,Nursing and midwifery research activity is an important indicator of the quality of healthcare services and the status of nursing profession. The main aim of this study was to assess the research activity in nursing and midwifery field in Arab countries.,10709146|11993582|12071900|15098422|15385865|16236137|16441889|17532085|17884971|18272609|18384228|18392182|18421909|18516628|18711036|19020196|19282203|19421360|19490148|19815459|20218836|20353324|20585380|20602710|20854677|21272322|21631846|21736756|21995838|22591093|22833776|22897190|23234422|23279662|23712082|23806828|24236620|24443999|24965816|25005130|25549708|25685346|25783656|26134548|27501954|27610064|27698210|27969014|28064463|28077528|28096979|28153037|28178398|28179007|28558601|28681446|28856028|29023688|29224787|29241573|29387149|29562909|29666682|29669703|29920944|30044514|30305093|30386407|30744641|9690890,34499195|34039394|33089195|32684943|31832075,29914447|33766073|25148888|24758477|25005130|34039394|26388930
28320410,"Bibliometric analysis of medicine - related publications on refugees, asylum-seekers, and internally displaced people: 2000 - 2015.","Sweileh, Waleed M WM",BMC international health and human rights,2017 03 20,"Wars and violent domestic conflicts have forced millions of people to move outside their homes. Meeting the basic health needs of those people requires an understanding of research activity and research output on this topic. The objective of this study was to shed light on the quantity and impact of medicine - related publications on refugees, asylum seekers and internally displaced people (IDP).",27652107|16078554|21835460|17604801|24872112|15504233|28100272|16476137|11230074|26594073|27478725|15054011|24899586|12150673|15301642|11676403|27724920|27098056|27606064|27382475|16275915|27579599|17041283|18665696|11579988|16077055|21181268|12383986|25940769|16077051|27504147|14691358|27843745|27899145|27919742|18373846|15583506|23184423|26543761|15823380|27053729|15081211|11476656|27884199|16341619|28165878|24636190|27558472|25393545|11469164|15055372|16142540|11343527|10918707|27659490|17884971|25401057|11327142|26696307|27053728,32265754|30845652|30744641|30409223|30409221|30386407|30377667|30305093|30102086|30078380|29925353|29881545|29562909|29489679,27724920|29914447|32885850|33105021|27899145
30409221,Global output of research on the health of international migrant workers from 2000 to 2017.,"Sweileh, Waleed M WM",Globalization and health,2018 11 08,Approximately 150 million international migrant workers work under conditions that increase their risk of illness and injuries. The current study aimed to assess and analyze the global output of research on the health of international migrant workers to promote national and international policies that could help improve the health of international migrant workers.,28426117|28134004|23560897|29387147|26732249|29347938|25294629|24219404|19421360|28153037|12143104|28096979|15321781|29925353|25091494|27070278|28426114|19930580|26590923|24697557|12929142|12321536|11333410|23450742|24206651|19835002|27846452|10754977|22382440|27899145|28320410|29224787|25884656|17460797|28558687|29400993|26294710|22773029|28103211|29315940|21808498|29255331|28331838|29925349|27475942|26986918|28100272|29034076|29881545|27472411|27741947|28245565|27411086|27066701|28856028|14512761|30250735|12125087|27992583|29562909|11401767|29914447|18994664,34560853|33670811|33462099|33092641|33061804|32967300|32723366|31890240|31269052|30823571,29925353|29914447|30409223|30744641|31138250
29562909,Bibliometric analysis of peer-reviewed literature in transgender health (1900 - 2017).,"Sweileh, Waleed M WM",BMC international health and human rights,2018 03 21,"Transgender community is marginalized and under-researched. Analysis of peer-reviewed literature in transgender health is needed to better understand health needs and human rights of transgender people. Therefore, the aim of this study was to analyze global research activity in transgender health published in peer-reviewed journals.",25378758|28098398|28558687|28812848|27482590|23535500|23398495|27323920|28785919|28100272|28140660|27477153|27323919|26514443|28096979|18445807|24907868|27724920|27314263|27740877|19732693|27323917|16275915|27323921|27663999|28901829|24918590|23153027|28597989|28320410|21213174|28001287|27843745|11991568|23260128|11392934|20585380|19397434|26948920|16362237|21900137|28331838|29104314|7477289|17135115|23153142|27884199|26021270|17599263|27323925|16488820|27323923|27883304|28179007|27323924|27474250|15814501|27045261|19509099|28367747|23494405|17884971|17694429|25585195|17061768,34630327|34528149|34414269|33397377|33256510|32999599|32684943|32380680|31890240|31785621|31713095|31138250|31019389|30744641|30409223|30409221|30386407|30305093|29881545,29982818|27724920|30377667|30305093|31138250
28856028,Bibliometric Analysis of Worldwide Publications on Antimalarial Drug Resistance (2006-2015).,"Sweileh, Waleed M WM|Al-Jabi, Samah W SW|Sawalha, Ansam F AF|AbuTaha, Adham S AS|Zyoud, Sa'ed H SH",Malaria research and treatment,2017,"In response to international efforts to control and eradicate malaria, we designed this study to give a bibliometric overview of research productivity in antimalarial drug resistance (AMDR).",25858269|25075834|24505047|15780340|19641202|3887571|12781507|24821917|22491853|20422322|19245640|27652054|24443999|19064625|24499849|23624527|24352242|22955244|22001944|21946717|23389616|27098056|22984555|24033691|24581434|19918214|25673180|27606064|27382475|26488699|26616851|9752813|27663999|27818097|25889116|25958002|23020971|9210658|21530510|23183197|24024458|23953767|27504147|27843745|19571748|27899145|26259943|25855638|27837178|16652314|28490825|22855752|12792863|18693580|28331838|18563962|23208711|25470531|24533274|19862717|27884199|25075832|17579229|25877962|27006895|25901903|13496184|22484134|25059949|28179007|11517439|22286067|22973887|25726605|23110589|12124623|17884971|23389615|28153037|26450037|25180241|24758786,34744707|33743712|33397377|32684939|32384901|32380680|31138250|31118003|30800284|30409223|30409221|30377667|30305093|29925353|29545637,27663999|27899145|28096979|27884199|27724920
29914447,Global research output in the health of international Arab migrants (1988-2017).,"Sweileh, Waleed M WM",BMC public health,2018 06 18,"In the past few decades Arab countries had witnessed several intra-regional conflicts and civil wars that led to the creation of millions of refugees and migrants. Assessment of research activity is an indicator of national and international efforts to improve the health of those millions of war victims. Therefore, the aim of this study was to analyze published literature in international Arab migrants.",29051840|21343209|22093390|22714797|16236137|16476137|12563557|27489154|23334357|16319706|15054011|19035939|24349284|26341635|25645484|24758156|29240907|25342234|18550061|21372202|21181268|19298682|20585380|24818066|15583506|28253013|15823380|9534840|22312195|19635149|24329783|16341619|28757595|26262756|27791495|18040045|18569777|27411086|8712583|25741381|18377116|28861739|17884971|19539414,33868904|32859181|31349639|31337150|30675847|30409223|30409221|30386407,31138250|28320410|29925353|30409221|33766073
27724920,Bibliometric analysis of literature on female genital mutilation: (1930 - 2015).,"Sweileh, Waleed M WM",Reproductive health,2016 Oct 10,"Female genital mutilation/cutting (FGM/C) is a common harmful traditional practice in many communities in Africa and to a lesser extent in Middle East and other regions in the world. In order to better understand publishing on this topic, we conducted a bibliometric study on FGM/C. Bibliometric analyses can be used as an indicator of the extent of interaction of researchers, health authorities, and communities with a particular health issue.",10512951|10546313|11251507|11266046|11555430|12148080|12261809|1286628|14499972|15225183|15788809|15863806|16098873|16275915|16410436|16753486|16864215|17884971|19065392|19121552|19738094|24758477|24758786|25416059|25466303|25673180|25783656|25940769|25952361|26151997|26594073|26897911|26957669|2792544|28620511|7376234|7483649|8058079|9323387,33891651|32775695|31960357|30377667|30305093|29562909|29531618|29086169|28854947|28320410|28179007|28100272|27899145,27899145|28320410|28100272|25301516|27663999
27899145,Bibliometric analysis of publications on Campylobacter: (2000-2015).,"Sweileh, Waleed M WM|Al-Jabi, Samah W SW|Sawalha, Ansam F AF|AbuTaha, Adham S AS|Zyoud, Sa'ed H SH","Journal of health, population, and nutrition",2016 11 29,"Campylobacter species are widespread zoonotic pathogens. Campylobacter jejuni causes a form of gastroenteritis called campylobacteriosis. Campylobacter drug resistance is considered a serious threat. In order to better understand national and international research output on Campylobacter, we conducted this bibliometric overview of publications on Campylobacter. This study can be used to assess extent of interaction and response of researchers, food regulators, and health policy makers to global burden of campylobacateriosis.",24584395|26062576|26239988|10611741|27652054|18340039|18848313|18592739|11076879|3873216|27478725|27724920|27098056|22293367|16792455|21192848|19208300|10688204|27606064|27382475|16275915|15095201|15207064|27663999|12380738|25266744|9366593|24079616|25056082|18031331|12499221|22004803|17392353|12593931|10639348|11559399|11266291|17368847|11283810|27504147|27154247|18652685|11988879|22385190|22025030|14724817|11148009|21482043|11581101|20515930|23764141|15660156|25104587|22798256|14973027|15066034|15634738|26537547|11447051|22325616|22541392|23439236|12459590|16713726|22115049|26004643|10361274|20116182|25791567|19533822|20429484|26153978|11481294|17703225|26975408|3953917|15956202|21399507|24759726|11136741|24777098|10081669|1993455|27267256|17479889|18818764|27350611|12697644|23543776|17342653|12429589|17884971|21708822|21991264|12874300|26580432|12002527|24041797|3209524,33299926|32775695|32384901|31470803|30533544|30526510|30496198|30409221|30305093|29925353|29881545|28856028|28774315|28558687|28331838|28320410|28231792,27724920|27663999|27884199|28100272|31138250
27663999,Bibliometric analysis of global scientific research on carbapenem resistance (1986-2015).,"Sweileh, Waleed M WM|Shraim, Naser Y NY|Al-Jabi, Samah W SW|Sawalha, Ansam F AF|AbuTaha, Adham S AS|Zyoud, Sa'ed H SH",Annals of clinical microbiology and antimicrobials,2016 Sep 23,"Antimicrobial resistance is a global public health challenge and carbapenem resistance, in particular, is considered an urgent global health threat. This study was carried out to give a bibliometric overview of literature on carbapenem resistance. In specific, number of publications, top productive countries and institutes, highly cited articles, citation analysis, co-authorships, international collaboration, top active authors, and journals publishing articles on carbapenem resistance were analyzed and discussed.",19017458|19109119|25674458|2681123|24252483|25783656|16882287|3859213|27098056|9055993|27382475|12904353|21317398|10699045|21985810|21343451|20085604|25949270|22480775|3100427|17562800|3100425|27154247|16564159|3492173|18477708|25674499|20585380|19324295|10390207|17002616|26543761|25271470|20705517|22000347|18571905|24619625|15983294|11257029|25050176|21144448|19996144|19770275|17646423|17931835|27267256|20874758|16716129|17884971|25671116|25685346,34744707|33959839|33456760|33299926|32807154|32775695|32384901|31470803|30078380|29881545|29562909|29490646|28856028|28558687|28331838|28179007|28100272|27899145,27724920|28096979|27899145|27884199|25926891
30305093,Global research output on HIV/AIDS-related medication adherence from 1980 to 2017.,"Sweileh, Waleed M WM",BMC health services research,2018 Oct 10,"""Human Immunodeficiency Virus (HIV)"" and Acquired Immunodeficiency Syndrome (AIDS) are global health burden. Medication adherence in people living with HIV (PLWH) is a key element in reducing morbidity and mortality. Quantitative and qualitative assessment of research activity helps identify research gaps as well as efforts implemented to improve adherence behaviors in PLWH. The aim of the current study was to assess and analyze literature on HIV/AIDS-related medication adherence using bibliometric methods.",26134548|27582186|25449294|27006682|20854677|24152939|21516199|16236137|28153037|29958365|18082064|28356038|26303196|28096979|24907868|27724920|24147057|25860100|24242258|22096406|27278548|16275915|15076240|23660576|26491263|24918590|24845154|28077528|27826734|27979784|29982818|14523777|23667264|19490148|19175285|21071074|27899145|25702789|28320410|29224787|20585380|28558687|28708812|21767103|29315940|21252632|26081830|24023256|28121707|28100272|10513653|24589279|10877736|11486292|25649212|24517541|28327830|28320397|28588979|28639990|25692575|27898679|27035888|28856028|24646419|19085223|27470028|18855813|29562909|27380858|21625477|20121574,34621898|34202931|34066177|33766073|33626226|33397377|33364935|33244353|33089195|32807154|32775695|32738881|32723366|32684943|32503522|31890240|31138250|30409223,30044514|29982818|28558687|32943058|29562909
30409223,Research trends on human trafficking: a bibliometric analysis using Scopus database.,"Sweileh, Waleed M WM",Globalization and health,2018 11 08,"Human trafficking is a crime against humanity. It is also a serious threat to global health and security. Globalization has made human trafficking an easier task for the criminal organizations. No data are available on the volume, research trends, and key players in this field. Therefore, the aim of this study was to assess the research activity and research trends on human trafficking.",26134548|22773030|29518168|29532084|26025452|20645472|29387147|20854677|22666182|28153037|29166396|29558910|17198255|27884199|28096979|29925353|16275915|28077528|29982818|29279047|19490148|28320410|20585380|28558687|21723653|29881545|27473258|26806079|27189733|18569777|30305093|27066701|25896617|25870141|28856028|28179007|20515895|17666674|18416734|21394198|26670788|18278256|29562909|17884971|29914447|19738094,33089195|32868982|32807154|32384901|32380680|32183278|32028598|31890240|31640168|30799564,31138250|30409221|30744641|30305093|33680569
16275915,An index to quantify an individual's scientific research output.,"Hirsch, J E JE",Proceedings of the National Academy of Sciences of the United States of America,2005 Nov 15,"I propose the index h, defined as the number of papers with citation number > or =h, as a useful index to characterize the scientific output of a researcher.",,34868508|34858018|34840769|34815912|34805734|34805561|34786263|34777150|34765110|34733854|34720254|34720252|34697869|34639425|34632339|34632037|34621957|34616596|34615625|34609973|34608365|34608258|34587169|34579111|34553168|34542514|34542447|34532474|34513648|34506560|34505255|34469456|34467404|34466692|34447266|34444608|34441217|34397836|34360303|34335714|34335175|34322030|34288914|34281030|34276109|34268400|34267408|34233155|34232472|34217341|34213685|34212159|34204419|34188975|34185071|34181681|34173403|34150995|34142141|34136515|34127893|34096225|34093568|34072479|34057413|34032569|34025169|34012312|33996807|33995056|33994601|33986730|33982433|33935792|33925436|33925213|33912710|33892744|33870057|33870044|33867815|33854689|33816950|33816835|33815978|33808795|33804977|33801043|33791388|33776165|33731108|33725882|33717924|33693362|33680683|33672245|33670825|33663113|33659103|33622416|33612886|33603580|33580393|33575439|33571223|33560782|33540586|33494182|33489662|33489487|33488420|33478559|33466120|33449441|33437738|33429923|33424940|33417625|33409710|33392018|33386980|33371289|33370290|33329180|33327633|33323560|33313208|33286224|33270657|33267408|33265352|33248565|33219880|33194399|33173644|33167977|33163536|33143270|33127656|33126338|33125381|33101616|33089195|33082824|33081012|33046107|32955407|32954364|32941858|32912262|32879686|32877458|32872003|32824717|32818038|32791316|32775695|32774857|32760748|32754088|32754061|32735660|32709237|32695154|32685733|32673329|32660864|32642355|32626529|32617239|32615936|32569295|32537596|32513724|32494531|32481321|32471384|32469957|32467724|32466583|32456412|32454704|32443493|32384901|32382424|32379053|32372129|32369198|32365471|32344668|32334767|32316177|32313016|32308860|32296253|32284863|32272941|32269969|32269884|32231868|32226424|32215609|32214551|32180933|32179825|32174808|32153013|32134940|32129821|32116844|32042236|32033545|32020458|32013083|31999763|31998192|31992557|31988851|31988653|31921742|31914046|31912388|31892843|31878936|31865588|31860106|31827224|31803639|31797732|31787992|31772566|31772411|31755947|31754196|31751395|31729362|31681042|31675971|31651878|31608375|31575871|31572669|31569157|31508451|31488065|31456078|31452885|31435283|31428826|31413901|31366884|31346764|31321180|31235568|31216293|31197127|31182773|31171915|31164650|31156778|31144712|31136497|31080366|31046482|31037527|31001771|31001420|30986980|30984505|30962635|30961624|30941445|30928941|30917551|30839812|30839786|30839747|30832384|30828475|30799564|30794681|30753947|30733376|30694784|30694759|30692702|30691504|30682100|30616409|30596143|30564922|30546171|30546170|30513943|30513616|30511320|30501129|30475868|30444891|30443578|30443568|30429933|30409223|30406431|30377667|30356275|30322125|30305093|30298329|30283846|30278518|30271298|30270581|30256792|30254200|30220748|30177900|30140910|30140437|30136080|30133459|30125359|30103124|30097476|30067822|30050735|30027021|30019129|29992161|29990357|29963510|29961305|29902239|29892451|29881999|29844499|29774116|29752641|29749843|29713462|29713258|29713257|29698494|29685909|29669703|29628537|29628536|29621316|29619353|29600347|29600256|29596426|29582219|29575351|29562909|29557976|29527073|29513762|29498495|29496846|29493855|29449750|29448902|29388949|29385151|29383196|29382348|29375281|29331950|29320509|29266132|29207453|29204501|29200469|29191872|29152564|29151011|29114112|29112102|29081557|29079076|28977022|28966373|28957311|28950650|28936786|28924319|28873054|28856143|28835200|28825158|28816904|28775970|28771391|28764311|28751483|28747352|28713181|28704402|28690984|28690694|28671119|28653038|28633401|28629438|28624836|28620511|28616253|28603585|28596628|28596626|28560354|28497411|28403245|28387241|28374432|28331838|28320410|28281870|28278243|28239311|28210650|28194230|28193221|28182596|28179007|28168231|28143555|28120296|28119870|28097215|28096979|28086974|28077896|28052133|28017413|27978538|27942086|27930394|27899145|27884199|27870854|27853429|27843745|27842512|27830162|27797868|27795596|27785170|27780988|27767221|27729071|27724920|27708482|27706185|27703703|27652054|27627767|27606817|27599104|27579954|27578756|27550071|27547660|27540499|27504147|27478725|27382475|27367269|27350875|27276219|27276002|27267256|27261240|27258040|27247735|27227057|27226805|27199848|27189448|27154247|27152838|27148140|27105434|27074765|27020688|27014543|27010583|26996912|26985429|26981468|26975920|26958274|26954677|26930283|26930052|26888919|26873042|26854420|26846898|26843968|26819840|26806079|26779645|26754161|26732194|26719483|26691532|26664673|26664098|26652082|26605163|26601251|26594073|26571133|26551177|26543761|26512227|26504901|26504240|26500415|26493395|26478875|26435758|26421238|26406894|26375678|26341635|26337534|26317409|26317315|26288502|26288312|26283360|26230622|26177096|26157724|26154759|26108843|26107458|26107296|26091891|26064609|26061527|26015563|25949270|25931657|25903611|25876090|25853687|25837969|25820981|25812573|25810770|25789480|25684846|25674458|25671617|25634717|25628876|25542026|25493425|25476202|25459319|25438359|25437855|25429724|25409503|25409180|25405128|25404502|25395728|25373331|25370463|25361903|25328257|25322852|25308141|25272080|25272079|25246830|25189761|25148888|25114238|25098356|25079489|25061300|25050176|25047266|25046832|25007173|25003071|24990288|24976952|24975597|24885706|24885148|24868306|24814674|24810800|24759743|24753798|24729921|24728179|24678470|24678385|24672148|24667510|24658631|24622581|24554795|24550691|24522963|24522610|24514750|24470806|24438527|24406983|24391941|24386258|24349183|24349143|24339900|24297297|24296521|24247229|24245856|24210670|24205372|24167778|24165898|24159208|24142308|24122384|24106649|24023865|23940753|23899251|23861225|23828146|23797780|23764921|23760040|23751805|23729901|23720314|23678443|23667276|23638064|23614057|23575957|23573211|23571320|23565174|23464898|23399654|23358276|23344352|23293403|23289065|23264784|23251502|23185311|23162174|23152867|23144782|23118890|23087639|23079075|23071759|23060783|22984414|22983124|22972278|22964880|22878810|22717424|22618710|22611294|22544537|22529798|22496760|22488563|22479454|22403693|22364509|22355696|22350456|22347759|22347758|22330274|22272353|22194909|22193219|22173204|22160100|22130145|22102840|22099995|22086653|22059168|22059166|21957320|21949454|21949453|21864340|21773742|21765564|21736756|21735157|21697844|21659400|21647383|21625581|21613620|21573229|21567267|21541089|21526387|21496230|21494691|21472020|21451774|21442214|21437155|21410360|21385804|21358730|21339895|21339841|21336314|21297856|21191124|21173276|21168863|21078180|21073824|20808858|20805513|20700455|20700371|20657678|20582305|20520715|20479867|20361368|20306337|20234766|19956649|19926704|19911213|19885331|19885080|19688044|19668345|19578662|19578464|19574523|19562078|19551398|19536100|19480665|19421360|19415119|19415071|19380731|19224342|19107201|19079129|19031379|18992172|18979684|18978030|18974831|18971452|18941530|18728786|18670438|18648663|18559631|18446237|18311169|18301760|18040045|17991781|17583174|17577403|17445275|17205131|17183679|16741499|16566816,18990506|18263641|18420871|19658345|19043673
27884199,A bibliometric analysis of literature on malaria vector resistance: (1996 - 2015).,"Sweileh, Waleed M WM|Sawalha, Ansam F AF|Al-Jabi, Samah W SW|Zyoud, Sa'ed H SH|Shraim, Naser Y NY|Abu-Taha, Adham S AS",Globalization and health,2016 11 25,"Emergence of insecticide resistance in malaria vectors is a real threat to future goals of elimination and control of malaria. Therefore, the objective of this study was to assess research trend on insecticide resistance of Anopheles mosquito. In specific, number of publications, countries, institutions, and authors' research profile, citation analysis, international collaborations, and impact of journals publishing documents on insecticide resistance will be presented. It was conducted via Scopus search engine which was used to retrieve relevant data. Keywords used were based on literature available on this topic. The duration of study was set from 1996-2015.",25858269|24717196|26388930|21401946|23049917|19245640|24631684|26497808|16953491|26395241|24079633|23402342|25783656|26747858|25960873|25476890|20843745|18983277|27478725|21946717|15663770|11587622|27206924|26082160|24079634|25292318|26341635|26826784|25009173|23388506|26916933|27382475|24079632|16275915|25815873|27113956|27433806|12518852|23189131|18534006|26296644|24460952|17255227|22305225|26337534|11029667|25949270|10695809|26893012|22913727|27154247|21710100|16294808|25674499|18445265|25402734|26880124|26581678|26708575|20585380|15753317|19911449|24079638|11583575|20509922|25077956|15242706|25899013|27411705|26543761|26850339|10212513|26445487|22110757|26429951|26215129|25890038|21679391|21910856|25811379|27456078|26185098|27036739|10872862|25293669|25149656|26259947|26846990|27116281|23248966|27267256|24675797|15310610|12364796|9535162|23110589|17884971|17479880|26626424|27372164|25685346|24294938|26895980,34188380|33743712|33397377|32384901|31890240|30744641|30496198|30409223|30290588|29925353|29562909|28856028|28774315|28558687|28331838|28320410|28231792|28153037|28100272,27724920|27663999|29017590|29087920|27899145
